{
  "project_info": {
    "project_number": "334837681984",
    "project_id": "trovacampi-4634e",
    "storage_bucket": "trovacampi-4634e.appspot.com"
  },
  "client": [
    {
      "client_info": {
        "mobilesdk_app_id": "1:334837681984:android:d5e18fc4a4a3df946034a5",
        "android_client_info": {
          "package_name": "it.sal.disco.unimib.trovacampi"
        }
      },
      "oauth_client": [
        {
          "client_id": "334837681984-q7s157l36p8gp04vqc8thefqu2s40fde.apps.googleusercontent.com",
          "client_type": 3
        }
      ],
      "api_key": [
        {
          "current_key": "AIzaSyAeQUqqtwRlYGf925UeJ0YRbEulLFD4Q6g"
        }
      ],
      "services": {
        "appinvite_service": {
          "other_platform_oauth_client": [
            {
              "client_id": "334837681984-q7s157l36p8gp04vqc8thefqu2s40fde.apps.googleusercontent.com",
              "client_type": 3
            }
          ]
        }
      }
    }
  ],
  "configuration_version": "1"
}